{
  "args": {
    "seed": 42,
    "num_sequences": 800,
    "sequence_length": 20,
    "batch_size": 16,
    "epochs": 50,
    "lr": 0.001,
    "hidden_dim": 64,
    "K": 2,
    "corruption_rate": 0.2,
    "save_dir": "./driving_results",
    "device": "auto"
  },
  "lgtcn_train_losses": [
    0.05880185271214162,
    0.004806146930371012,
    0.003196106165913599,
    0.0029151064942457847,
    0.00241940482519567,
    0.001262658104367022,
    0.0012333679678184644,
    0.0012370448808984033,
    0.0012623607546889356,
    0.0012325814575888216,
    0.0012440202341947172,
    0.0012558867339976132,
    0.0012399216249052967,
    0.0017555434622668793,
    0.0013612014906747001,
    0.0012149492079125983,
    0.001235106138379446,
    0.0012341038656554053,
    0.0012625519236150596,
    0.0012162294504897936,
    0.0011945341863403363,
    0.0012075168562919966,
    0.0012325495390021906,
    0.0012612434320284853,
    0.001229548138300223,
    0.0013212885075647915,
    0.0012070186153453376,
    0.0012485367295864437,
    0.0012460606721495942,
    0.001246904711505132,
    0.0012478197193039316,
    0.0013354866333039745,
    0.0012733482855505178,
    0.0012681221722492149,
    0.001241085828015847,
    0.0012358807193647537,
    0.0013430663900050733,
    0.0013989350874908269,
    0.0012001311157031783,
    0.0012040097216543342,
    0.0012781033076212874,
    0.0013301144936122,
    0.0012125537830537983,
    0.001211189919350935,
    0.0012334929263618376,
    0.0012117652638283158,
    0.0012221603205294482,
    0.0012247541603366179,
    0.0012154681674603905,
    0.0012496149400249123
  ],
  "lgtcn_val_losses": [
    0.008344853355083615,
    0.0036971988738514483,
    0.004053223179653287,
    0.00219387722609099,
    0.0015892062510829419,
    0.0012315171916270629,
    0.001382329202897381,
    0.001237816657521762,
    0.0012722206956823356,
    0.0013044261650065891,
    0.0014207558633643202,
    0.001246215499122627,
    0.00127098748635035,
    0.0019029355753445998,
    0.001431424701877404,
    0.0013590238595497794,
    0.001402874018822331,
    0.0012838077745982446,
    0.0013258205362944864,
    0.0012354146165307611,
    0.0012277667701710016,
    0.001235661249666009,
    0.0015348454762715846,
    0.001274068737984635,
    0.0012327369331615046,
    0.0012254716493771411,
    0.0012305472118896432,
    0.0012706064371741377,
    0.0012314903651713394,
    0.0012932533427374437,
    0.0014312889325083233,
    0.0012470158544601873,
    0.0013252461358206347,
    0.001280010983464308,
    0.0012280138544156216,
    0.0012428103218553588,
    0.0012259961877134629,
    0.0012880693320767023,
    0.0012255828842171468,
    0.0012518269068095833,
    0.0012658575797104277,
    0.0012291549355722964,
    0.0012349302051006816,
    0.0012249074861756526,
    0.0012249295177753083,
    0.0012623230868484825,
    0.0012641815701499581,
    0.0012257382841198705,
    0.0012840542767662555,
    0.0012702578605967574
  ],
  "ltcn_train_losses": [
    0.08566022486026798,
    0.005158384403746043,
    0.0028390825326953615,
    0.0017398330116910595,
    0.0014589137913260076,
    0.001306434632611594,
    0.0012449033857722367,
    0.001208639775203275,
    0.00120927821512201,
    0.0012252367051717426,
    0.001194909238256514,
    0.0012671519603048053,
    0.0011917203947502588,
    0.0011940614303707013,
    0.0011975218774750828,
    0.0012031717425478356,
    0.0011921846507383243,
    0.0012013428096127297,
    0.0012132975805018628,
    0.0012177804218871252,
    0.0011788443961579884,
    0.001217284831883652,
    0.0012088757706806065,
    0.0012006755835110587,
    0.0011898533940049155,
    0.0012358571419359317,
    0.0011899997729675046,
    0.0012069435341150632,
    0.0012235136137210896,
    0.0012038995104376228,
    0.001204593973566911,
    0.001253614975472114,
    0.0012346034503674932,
    0.0012118991314699608,
    0.001244803805769022,
    0.00121091151876109,
    0.0011967075572881316,
    0.0011998518985430046,
    0.001253275736235082,
    0.0012021227540182217,
    0.0011910280877990382,
    0.0011831544555856712,
    0.0011992792798472302,
    0.0012024061637930573,
    0.0012090024621491985,
    0.0012064483199667718,
    0.0011945467492166374,
    0.0012073581921868027,
    0.0011909538015191044,
    0.0012623125055272663
  ],
  "ltcn_val_losses": [
    0.007347897451836616,
    0.003633195854490623,
    0.002122118108673021,
    0.0015612598072038963,
    0.001420367552782409,
    0.0013036824166192673,
    0.0012892162339994684,
    0.0012440676146070473,
    0.0012549721432151273,
    0.0012542394761112519,
    0.0013534102763514966,
    0.001242207843461074,
    0.0012640099812415428,
    0.001237138916621916,
    0.001225887615873944,
    0.0012308754085097462,
    0.0012307213837630115,
    0.001231966816703789,
    0.001260959565115627,
    0.001239112563780509,
    0.0013222925190348178,
    0.0012328018055995926,
    0.00127630712086102,
    0.0012369860633043572,
    0.0012493616377469152,
    0.0012795347647625022,
    0.0012241241784067824,
    0.0012489469954743981,
    0.0012286952405702323,
    0.0012311953905737028,
    0.0012505807681009173,
    0.001226560809300281,
    0.0012538517476059496,
    0.0012687914932030253,
    0.0012489693617681041,
    0.001226265521836467,
    0.0012674805984715931,
    0.0013971618027426302,
    0.0012632373909582384,
    0.001226460088219028,
    0.0012291319435462356,
    0.0012828310354962014,
    0.0012244155441294424,
    0.001257972326129675,
    0.0012396594393067062,
    0.0012242636366863735,
    0.001225336171046365,
    0.001261703495401889,
    0.0012872919833171181,
    0.0012368597308523022
  ]
}