{
  "lgtcn": {
    "corruption_0.0": {
      "control_mse": 0.0010174511699005961,
      "control_mae": 0.018989238888025284,
      "hidden_state_variance": 0.9454358816146851,
      "hidden_state_drift": 0.001509944093413651,
      "lyapunov_exponent": 0.01893358760409885,
      "corruption_resilience": 1.0,
      "recovery_time": 0.1,
      "prediction_consistency": 1.0,
      "temporal_smoothness": -0.0021594699937850237
    },
    "corruption_0.1": {
      "control_mse": 0.0010170845780521631,
      "control_mae": 0.018985841423273087,
      "hidden_state_variance": 0.9453956484794617,
      "hidden_state_drift": 0.0015051470836624503,
      "lyapunov_exponent": 0.01893358760409885,
      "corruption_resilience": 1.0003602504730225,
      "recovery_time": 0.1,
      "prediction_consistency": 1.0,
      "temporal_smoothness": -0.0021423737052828074
    },
    "corruption_0.2": {
      "control_mse": 0.0010145489359274507,
      "control_mae": 0.018961042165756226,
      "hidden_state_variance": 0.9447084069252014,
      "hidden_state_drift": 0.0013817694270983338,
      "lyapunov_exponent": 0.01893358760409885,
      "corruption_resilience": 1.002852439880371,
      "recovery_time": 0.1,
      "prediction_consistency": 1.0,
      "temporal_smoothness": -0.001852269982919097
    },
    "corruption_0.3": {
      "control_mse": 0.0010767156491056085,
      "control_mae": 0.020025406032800674,
      "hidden_state_variance": 0.9453614354133606,
      "hidden_state_drift": 0.0011477043153718114,
      "lyapunov_exponent": 0.019822014702690974,
      "corruption_resilience": 0.9417526125907898,
      "recovery_time": 0.1,
      "prediction_consistency": 1.0,
      "temporal_smoothness": -0.004743591416627169
    },
    "corruption_0.4": {
      "control_mse": 0.0010893571889027953,
      "control_mae": 0.020357465371489525,
      "hidden_state_variance": 0.9473663568496704,
      "hidden_state_drift": 0.0007718410342931747,
      "lyapunov_exponent": 0.020922342936197918,
      "corruption_resilience": 0.9293279647827148,
      "recovery_time": 0.1,
      "prediction_consistency": 1.0,
      "temporal_smoothness": -0.005734508391469717
    },
    "corruption_0.5": {
      "control_mse": 0.0022742983419448137,
      "control_mae": 0.03266625478863716,
      "hidden_state_variance": 0.9346613883972168,
      "hidden_state_drift": 0.0019271200289949775,
      "lyapunov_exponent": 0.021374172634548612,
      "corruption_resilience": -0.23527777194976807,
      "recovery_time": 0.1,
      "prediction_consistency": 1.0,
      "temporal_smoothness": -0.03595186397433281
    }
  },
  "ltcn": {
    "corruption_0.0": {
      "control_mse": 0.0009795763762667775,
      "control_mae": 0.018484948202967644,
      "hidden_state_variance": 0.0006196359754540026,
      "hidden_state_drift": 0.00023397522454615682,
      "lyapunov_exponent": -0.2178339825736152,
      "corruption_resilience": 0.9999998807907104,
      "recovery_time": 0.1,
      "prediction_consistency": 1.0,
      "temporal_smoothness": -0.0005432708421722054
    },
    "corruption_0.1": {
      "control_mse": 0.0009795762598514557,
      "control_mae": 0.018484946340322495,
      "hidden_state_variance": 0.0006196360336616635,
      "hidden_state_drift": 0.00023397522454615682,
      "lyapunov_exponent": -0.2178339825736152,
      "corruption_resilience": 1.0,
      "recovery_time": 0.1,
      "prediction_consistency": 1.0,
      "temporal_smoothness": -0.0005432696780189872
    },
    "corruption_0.2": {
      "control_mse": 0.0009795762598514557,
      "control_mae": 0.018484946340322495,
      "hidden_state_variance": 0.0006196360336616635,
      "hidden_state_drift": 0.00023397522454615682,
      "lyapunov_exponent": -0.2178339825736152,
      "corruption_resilience": 1.0,
      "recovery_time": 0.1,
      "prediction_consistency": 1.0,
      "temporal_smoothness": -0.0005432696780189872
    },
    "corruption_0.3": {
      "control_mse": 0.0009795762598514557,
      "control_mae": 0.018484946340322495,
      "hidden_state_variance": 0.0006196360336616635,
      "hidden_state_drift": 0.00023397522454615682,
      "lyapunov_exponent": -0.2178339825736152,
      "corruption_resilience": 1.0,
      "recovery_time": 0.1,
      "prediction_consistency": 1.0,
      "temporal_smoothness": -0.0005432696780189872
    },
    "corruption_0.4": {
      "control_mse": 0.0009795762598514557,
      "control_mae": 0.018484946340322495,
      "hidden_state_variance": 0.0006196360336616635,
      "hidden_state_drift": 0.00023397522454615682,
      "lyapunov_exponent": -0.2178339825736152,
      "corruption_resilience": 1.0,
      "recovery_time": 0.1,
      "prediction_consistency": 1.0,
      "temporal_smoothness": -0.0005432696780189872
    },
    "corruption_0.5": {
      "control_mse": 0.0009795762598514557,
      "control_mae": 0.018484946340322495,
      "hidden_state_variance": 0.0006196360336616635,
      "hidden_state_drift": 0.00023397522454615682,
      "lyapunov_exponent": -0.2178339825736152,
      "corruption_resilience": 1.0,
      "recovery_time": 0.1,
      "prediction_consistency": 1.0,
      "temporal_smoothness": -0.0005432696780189872
    }
  },
  "comparison": {
    "winner_by_metric": {
      "control_mse": {
        "winner": "LTCN",
        "lgtcn_avg": 0.0012482426439722378,
        "ltcn_avg": 0.0009795762792540093,
        "difference": 0.0002686663647182286
      },
      "control_mae": {
        "winner": "LTCN",
        "lgtcn_avg": 0.021664208111663658,
        "ltcn_avg": 0.01848494665076335,
        "difference": 0.0031792614609003067
      },
      "corruption_resilience": {
        "winner": "LTCN",
        "lgtcn_avg": 0.7731692492961884,
        "ltcn_avg": 0.999999980131785,
        "difference": 0.22683073083559668
      },
      "prediction_consistency": {
        "winner": "LTCN",
        "lgtcn_avg": 1.0,
        "ltcn_avg": 1.0,
        "difference": 0.0
      },
      "temporal_smoothness": {
        "winner": "LTCN",
        "lgtcn_avg": -0.008764012910736104,
        "ltcn_avg": -0.0005432698720445236,
        "difference": 0.00822074303869158
      }
    },
    "robustness_comparison": {},
    "stability_comparison": {}
  }
}